shop_name,shop_account,keywords
LULUMI寵物館,lulu790887,"LULUMI寵物館,LULU寵物"
愛喵樂寵物,lovemeow968,愛喵樂寵物
有才寵物商店,yutsai_petmarket,有才寵物商店
大尾巴寵物店,curly_tail_petshop,大尾巴寵物店
妮卡寵物館,nika96688,妮卡寵物館
優格小喵.,yogurtmeow168,優格小喵.
寵物執行長,petsceo,寵物執行長
寵物有喵病,youmiaobing,"寵物有喵病,有喵病"
優選寵物,negis671687,優選寵物
萌寵要當家,petboss5566,萌寵要當家
毛寵星人樂園,petstar5566,毛寵星人樂園
毛一堆寵物超市,spiked_fur_store,毛一堆寵物超市
皇家狗貓,royaldogcat968,"皇家狗貓,皇家狗貓."
貓狗好時光,pets_moment_store,貓狗好時光
寵物の達人,petdada666,寵物の達人
汪喵日總匯,dogcatclub5566,汪喵日總匯
貓狗超有事,dramatic_pet_shop,貓狗超有事
驕傲貓狗王國,proudcatdog,驕傲貓狗王國
毛孩超市,petmarket666,毛孩超市
火箭貓狗星際站,space_pet_shop,火箭貓狗星際站
貓狗得來速,pet_drive_thru,貓狗得來速
寵物來了~,petcomingtw,"寵物來了,寵物來了~"
熊好命,luckybear_pet,熊好命
Winnie維尼寵物,winnie_pet_shop,Winnie維尼寵物
